time,normalized_time,az_positive
207.2519989,0.0,0.001
207.2559967,0.003997800000007601,0.001
207.2600098,0.008010900000016363,0.001
207.2640076,0.012008700000023964,0.01257955935
207.2680054,0.016006500000003143,0.00922057312
207.2720032,0.020004300000010744,0.001
207.276001,0.024002100000018345,0.001
207.2799988,0.027999899999997524,0.005480827764
207.2839966,0.031997700000005125,0.001
207.2880096,0.036010700000019824,0.008129177615
207.2920074,0.040008499999999,0.003017344512
207.2960052,0.044006300000006604,0.001
207.3000031,0.04800420000000827,0.004584051669
207.3040009,0.05200200000001587,0.002584008966
207.3079987,0.05599980000002347,0.001
207.3119965,0.05999760000000265,0.006396259647
207.3160095,0.06401060000001735,0.007404125296
207.3200073,0.06800839999999653,0.001
207.3240051,0.07200620000000413,0.001
207.3280029,0.07600400000001173,0.002275331644
207.3320007,0.08000180000001933,0.002860037843
207.3359985,0.08399959999999851,0.002717995318
207.3399963,0.08799740000000611,0.002768452279
207.3440094,0.09201050000001487,0.001
207.3480072,0.09600830000002247,0.001
207.352005,0.10000610000000165,0.003361214651
207.3560028,0.10400390000000925,0.001
207.3600006,0.10800170000001685,0.002772268374
207.3639984,0.11199950000002445,0.005996420514
207.3679962,0.11599730000000363,0.001
207.371994,0.11999510000001123,0.001
207.3760071,0.12400820000002,0.001818675664
207.3800049,0.12800599999999918,0.001
207.3840027,0.13200380000000678,0.00346976053
207.3880005,0.13600160000001438,0.002407621825
207.3919983,0.13999940000002198,0.001
207.3959961,0.14399720000000116,0.001
207.3999939,0.14799500000000876,0.003822534578
207.404007,0.15200810000001752,0.001
207.4080048,0.1560058999999967,0.001
207.4120026,0.1600037000000043,0.003418031614
207.4160004,0.1640015000000119,0.003136490704
207.4199982,0.1679993000000195,0.001
207.423996,0.17199709999999868,0.001
207.4279938,0.17599490000000628,0.001220825245
207.4320068,0.18000790000002098,0.004357631784
207.4360046,0.18400570000000016,0.002839261433
207.4400024,0.18800350000000776,0.001
207.4440002,0.19200130000001536,0.001
207.447998,0.19599910000002296,0.00156681519
207.4519958,0.19999690000000214,0.002557720523
207.4559937,0.2039948000000038,0.0016571288
207.4600067,0.2080078000000185,0.002115904819
207.4640045,0.21200559999999768,0.001043590135
207.4680023,0.21600340000000529,0.001
207.4720001,0.2200012000000129,0.001
207.4759979,0.2239990000000205,0.002974519739
207.4799957,0.22799679999999967,0.004344063811
207.4839935,0.23199460000000727,0.00123439345
207.4880066,0.23600770000001603,0.001
207.4920044,0.24000550000002363,0.001
207.4960022,0.2440033000000028,0.001333611202
207.5,0.2480011000000104,0.002895230427
207.5039978,0.251998900000018,0.002969431691
207.5079956,0.2559966999999972,0.001
207.5119934,0.2599945000000048,0.001
207.5160065,0.26400760000001355,0.001
207.5200043,0.26800540000002115,0.001
207.5240021,0.27200320000000033,0.001760586631
207.5279999,0.27600100000000793,0.003119954374
207.5319977,0.27999880000001554,0.0025903692
207.5359955,0.28399660000002314,0.001
207.5399933,0.2879944000000023,0.001
207.5440063,0.292007400000017,0.001585895545
207.5480042,0.2960053000000187,0.004254598171
207.552002,0.30000309999999786,0.001967926277
207.5559998,0.30400090000000546,0.001
207.5599976,0.30799870000001306,0.001
207.5639954,0.31199650000002066,0.001
207.5679932,0.31599429999999984,0.001
207.5720062,0.32000730000001454,0.001441308996
207.576004,0.32400510000002214,0.002698491095
207.5800018,0.3280029000000013,0.001943333773
207.5839996,0.3320007000000089,0.001
207.5879974,0.3359985000000165,0.001
207.5919952,0.3399963000000241,0.001
207.595993,0.3439941000000033,0.002768452279
207.6000061,0.34800720000001206,0.002002694877
207.6040039,0.35200500000001966,0.001
207.6080017,0.35600279999999884,0.001011789544
207.6119995,0.36000060000000644,0.001
207.6159973,0.36399840000001404,0.001
207.6199951,0.36799620000002164,0.001300538541
207.6239929,0.3719940000000008,0.002429246204
207.6279907,0.3759918000000084,0.002296108054
207.6320038,0.3800049000000172,0.001
207.6360016,0.38400269999999637,0.001
207.6399994,0.38800050000000397,0.001
207.6439972,0.39199830000001157,0.002172297798
207.647995,0.39599610000001917,0.003517673351
207.6519928,0.39999389999999835,0.001450637239
207.6559906,0.40399170000000595,0.001
207.6600037,0.4080048000000147,0.001
207.6640015,0.4120026000000223,0.001951389946
207.6679993,0.4160004000000015,0.00183563598
207.6719971,0.4199982000000091,0.001495157951
207.6759949,0.4239960000000167,0.001461237436
207.6799927,0.4279938000000243,0.001
207.6839905,0.4319916000000035,0.001
207.6880035,0.43600460000001817,0.001115247374
207.6920013,0.44000239999999735,0.00253228005
207.6959991,0.44400020000000495,0.001800867263
207.6999969,0.44799800000001255,0.001
207.7039948,0.4519959000000142,0.001
207.7079926,0.4559937000000218,0.001244145562
207.7119904,0.459991500000001,0.001743202331
207.7160034,0.4640045000000157,0.001310714753
207.7200012,0.4680023000000233,0.001
207.723999,0.4720001000000025,0.00119962485
207.7279968,0.4759979000000101,0.001066486468
207.7319946,0.4799957000000177,0.001
207.7359924,0.48399349999999686,0.001069030492
207.7399902,0.48799130000000446,0.00197598245
207.7440033,0.4920044000000132,0.001561727142
207.7480011,0.4960022000000208,0.001
207.7519989,0.5,0.001
207.7559967,0.5039978000000076,0.001
207.7599945,0.5079956000000152,0.001862772391
207.7639923,0.5119934000000228,0.001901357085
207.7679901,0.515991200000002,0.001
207.7720032,0.5200043000000107,0.001
207.776001,0.5240021000000183,0.001
207.7799988,0.5279998999999975,0.001670273021
207.7839966,0.5319977000000051,0.001210225048
207.7879944,0.5359955000000127,0.001147047966
207.7919922,0.5399933000000203,0.001624480239
207.79599,0.5439910999999995,0.001
207.8000031,0.5480042000000083,0.001
207.8040009,0.5520020000000159,0.001
207.8079987,0.5559998000000235,0.00211505685
207.8119965,0.5599976000000026,0.001933157677
207.8159943,0.5639954000000102,0.001
207.8199921,0.5679932000000179,0.001
207.8239899,0.571990999999997,0.001
207.8280029,0.5760040000000117,0.001
207.8320007,0.5800018000000193,0.001453181263
207.8359985,0.5839995999999985,0.001854716218
207.8399963,0.5879974000000061,0.001452757278
207.8439941,0.5919952000000137,0.001
207.8479919,0.5959930000000213,0.001
207.8519897,0.5999908000000005,0.00100373337
207.8560028,0.6040039000000093,0.002056119731
207.8600006,0.6080017000000169,0.001976830419
207.8639984,0.6119995000000245,0.001014333568
207.8679962,0.6159973000000036,0.001
207.8720093,0.6200104000000124,0.001
207.8760071,0.62400820000002,0.001257289783
207.8800049,0.6280059999999992,0.001764402725
207.8840027,0.6320038000000068,0.001764826709
207.8880157,0.6360168000000215,0.00107793475
207.8920135,0.6400146000000007,0.001
207.8960114,0.6440125000000023,0.001
207.9000092,0.6480103000000099,0.001
207.904007,0.6520081000000175,0.001695713494
207.9080048,0.6560058999999967,0.002058663871
207.9120026,0.6600037000000043,0.001186056645
207.9160156,0.664016700000019,0.001
207.9200134,0.6680144999999982,0.001
207.9240112,0.6720123000000058,0.001682993257
207.928009,0.6760101000000134,0.001696985564
207.9320068,0.680007900000021,0.001110583311
207.9360046,0.6840057000000002,0.001116095344
207.9400024,0.6880035000000078,0.001072422601
207.9440155,0.6920166000000165,0.001
207.9480133,0.6960144000000241,0.001
207.9520111,0.7000122000000033,0.001589287654
207.9560089,0.7040100000000109,0.001704193652
207.9600067,0.7080078000000185,0.001066062483
207.9640045,0.7120055999999977,0.001
207.9680023,0.7160034000000053,0.001
207.9720154,0.720016500000014,0.001186904614
207.9760132,0.7240143000000216,0.001385764102
207.980011,0.7280121000000008,0.001341667259
207.9840088,0.7320099000000084,0.001193264732
207.9880066,0.736007700000016,0.001
207.9920044,0.7400055000000236,0.001
207.9960022,0.7440033000000028,0.001
208.0000153,0.7480164000000116,0.001317074872
208.0040131,0.7520142000000192,0.001490069903
208.0080109,0.7560119999999984,0.001178000472
208.0120087,0.760009800000006,0.001
208.0160065,0.7640076000000136,0.001
208.0200043,0.7680054000000212,0.001134327729
208.0240021,0.7720032000000003,0.001515510376
208.0280151,0.776016200000015,0.001275098184
208.0320129,0.7800140000000226,0.001
208.0360107,0.7840118000000018,0.001
208.0400085,0.7880096000000094,0.00123312138
208.0440063,0.792007400000017,0.00116358418
208.0480042,0.7960053000000187,0.001046134159
208.052002,0.8000030999999979,0.001292906469
208.056015,0.8040161000000126,0.001284002326
208.0600128,0.8080139000000202,0.001
208.0640106,0.8120116999999993,0.001
208.0680084,0.8160095000000069,0.001480741776
208.0720062,0.8200073000000145,0.001505758148
208.076004,0.8240051000000221,0.001
208.0800018,0.8280029000000013,0.001
208.0840149,0.8320160000000101,0.00107539061
208.0880127,0.8360138000000177,0.001275098184
208.0920105,0.8400115999999969,0.001286122366
208.0960083,0.8440094000000045,0.001282730256
208.1000061,0.8480072000000121,0.001051646192
208.1040039,0.8520050000000197,0.001
208.1080017,0.8560027999999988,0.001
208.1120148,0.8600159000000076,0.001256017829
208.1160126,0.8640137000000152,0.001455301302
208.1200104,0.8680115000000228,0.00130477862
208.1240082,0.872009300000002,0.001
208.128006,0.8760071000000096,0.001
208.1320038,0.8800049000000172,0.001
208.1360016,0.8840026999999964,0.001371771796
208.1399994,0.888000500000004,0.001476925681
208.1440125,0.8920136000000127,0.001181816566
208.1480103,0.8960114000000203,0.001
208.1520081,0.9000091999999995,0.001
208.1560059,0.9040070000000071,0.001080478774
208.1600037,0.9080048000000147,0.001167824259
208.1640015,0.9120026000000223,0.001279762248
208.1679993,0.9160004000000015,0.001409084536
208.1720123,0.9200134000000162,0.001156376093
208.1760101,0.9240112000000238,0.001
208.1800079,0.928009000000003,0.001
208.1840057,0.9320068000000106,0.001397212269
208.1880035,0.9360046000000182,0.001546886866
208.1920013,0.9400023999999974,0.001156800077
208.1959991,0.944000200000005,0.001
208.2000122,0.9480133000000137,0.001
208.20401,0.9520111000000213,0.001
208.2080078,0.9560089000000005,0.001086838893
208.2120056,0.9600067000000081,0.001436644932
208.2160034,0.9640045000000157,0.001448093215
208.2200012,0.9680023000000233,0.001026205835
208.223999,0.9720001000000025,0.001
208.2280121,0.9760132000000112,0.001
208.2320099,0.9800110000000188,0.001200896804
208.2360077,0.984008799999998,0.001399756293
208.2400055,0.9880066000000056,0.00135947566
208.2440033,0.9920044000000132,0.001052918262
208.2480011,0.9960022000000208,0.001
208.2519989,1.0,0.001
208.256012,1.0040131000000088,0.00118308852
208.2600098,1.0080109000000164,0.00135947566
208.2640076,1.012008700000024,0.001309866784
208.2680054,1.0160065000000031,0.001136023668
208.2720032,1.0200043000000107,0.001
208.276001,1.0240021000000183,0.001
208.2799988,1.0279998999999975,0.001168248244
208.2840118,1.0320129000000122,0.001423500711
208.2880096,1.0360107000000198,0.001300538541
208.2920074,1.040008499999999,0.001
208.2960052,1.0440063000000066,0.001
208.3000031,1.0480042000000083,0.001154680038
208.3040009,1.0520020000000159,0.001189024653
208.3079987,1.0559998000000235,0.001125847572
208.3120117,1.0600128000000097,0.001203440945
208.3160095,1.0640106000000173,0.001224641223
208.3200073,1.0680083999999965,0.001030869898
208.3240051,1.0720062000000041,0.001
208.3280029,1.0760040000000117,0.001158496132
208.3320007,1.0800018000000193,0.001291210414
208.3359985,1.0839995999999985,0.001138143707
208.3400116,1.0880127000000073,0.001052918262
208.3440094,1.0920105000000149,0.001100831083
208.3480072,1.0960083000000225,0.001115247374
208.352005,1.1000061000000017,0.00111270335
208.3560028,1.1040039000000093,0.001166128204
208.3600006,1.1080017000000169,0.001164008165
208.3639984,1.1119995000000245,0.001079206704
208.3680115,1.1160126000000048,0.001097014989
208.3720093,1.1200104000000124,0.001155104022
208.3760071,1.12400820000002,0.001128391596
208.3800049,1.1280059999999992,0.001124151517
208.3840027,1.1320038000000068,0.001138567808
208.3880005,1.1360016000000144,0.001087686862
208.3919983,1.139999400000022,0.001074542641
208.3959961,1.1439972000000012,0.001169096329
208.4000092,1.14801030000001,0.001222521183
208.404007,1.1520081000000175,0.001124999486
208.4080048,1.1560058999999967,0.001019421732
208.4120026,1.1600037000000043,0.001065214514
208.4160004,1.164001500000012,0.001163160196
208.4199982,1.1679993000000195,0.001169096329
208.423996,1.1719970999999987,0.001134751714
208.428009,1.1760101000000134,0.001170368283
208.4320068,1.180007900000021,0.001140687848
208.4360046,1.1840057000000002,0.001
208.4400024,1.1880035000000078,0.001014757552
208.4440002,1.1920013000000154,0.00128866639
208.447998,1.195999100000023,0.001334035187
208.4519958,1.1999969000000021,0.001074966625
208.4560089,1.204010000000011,0.001
208.4600067,1.2080078000000185,0.001050374238
208.4640045,1.2120055999999977,0.001140687848
208.4680023,1.2160034000000053,0.001192840748
208.4720001,1.2200012000000129,0.001270434004
208.4759979,1.2239990000000205,0.001161040156
208.4799957,1.2279967999999997,0.001
208.4840088,1.2320099000000084,0.001
208.4880066,1.236007700000016,0.001125423587
208.4920044,1.2400055000000236,0.001246689702
208.4960022,1.2440033000000028,0.001249233726
208.5,1.2480011000000104,0.001175456448
208.5039978,1.251998900000018,0.001007549465
208.5079956,1.2559966999999972,0.001
208.5120087,1.260009800000006,0.001102103153
208.5160065,1.2640076000000136,0.001277218224
208.5200043,1.2680054000000212,0.001266194042
208.5240021,1.2720032000000003,0.001135175698
208.5279999,1.276001000000008,0.001032141852
208.5319977,1.2799988000000155,0.001007549465
208.5359955,1.2839966000000231,0.00104062201
208.5400085,1.2880096000000094,0.001197080826
208.5440063,1.292007400000017,0.001325555029
208.5480042,1.2960053000000187,0.001193688717
208.552002,1.3000030999999979,0.001
208.5559998,1.3040009000000055,0.001
208.5599976,1.307998700000013,0.001127543626
208.5639954,1.3119965000000207,0.001208952977
208.5680084,1.316009500000007,0.001193264732
208.5720062,1.3200073000000145,0.00116697629
208.576004,1.3240051000000221,0.001117791398
208.5800018,1.3280029000000013,0.001020269701
208.5839996,1.332000700000009,0.001002885401
208.5879974,1.3359985000000165,0.001166128204
208.5919952,1.3399963000000241,0.001277218224
208.5960083,1.3440094000000045,0.001176728401
208.6000061,1.348007200000012,0.001053342246
208.6040039,1.3520050000000197,0.001037230017
208.6080017,1.3560027999999988,0.001067758538
208.6119995,1.3600006000000064,0.001133055659
208.6159973,1.363998400000014,0.001224217238
208.6199951,1.3679962000000216,0.001195384772
208.6240082,1.372009300000002,0.001070302562
208.628006,1.3760071000000096,0.001042318065
208.6320038,1.3800049000000172,0.001100831083
208.6360016,1.3840026999999964,0.001140263746
208.6399994,1.388000500000004,0.001164008165
208.6439972,1.3919983000000116,0.001174184377
208.647995,1.3959961000000192,0.001122455462
208.6519928,1.3999938999999983,0.001052918262
208.6560059,1.404007000000007,0.001084294869
208.6600037,1.4080048000000147,0.001177152386
208.6640015,1.4120026000000223,0.00116358418
208.6679993,1.4160004000000015,0.001093622996
208.6719971,1.419998200000009,0.001120335422
208.6759949,1.4239960000000167,0.001154680038
208.6799927,1.4279938000000243,0.001107615186
208.6840057,1.4320068000000106,0.001083022798
208.6880035,1.4360046000000182,0.001134327729
208.6920013,1.4400023999999974,0.001161464141
208.6959991,1.444000200000005,0.001107191201
208.6999969,1.4479980000000126,0.001091502956
208.7039948,1.4519959000000142,0.001154256053
208.7079926,1.4559937000000218,0.001161040156
208.7120056,1.460006700000008,0.001087686862
208.7160034,1.4640045000000157,0.001062246389
208.7200012,1.4680023000000233,0.001136023668
208.723999,1.4720001000000025,0.001177152386
208.7279968,1.47599790000001,0.001136447769
208.7319946,1.4799957000000177,0.001126695541
208.7359924,1.4839934999999969,0.001101679169
208.7400055,1.4880066000000056,0.001063094474
208.7440033,1.4920044000000132,0.001119911438
208.7480011,1.4960022000000208,0.001174184377
208.7519989,1.5,0.001162312226
208.7559967,1.5039978000000076,0.001129663549
208.7599945,1.5079956000000152,0.001099983114
208.7639923,1.5119934000000228,0.001084294869
208.7680054,1.5160065000000031,0.001084718853
208.7720032,1.5200043000000107,0.001150015974
208.776001,1.5240021000000183,0.001206832938
208.7799988,1.5279998999999975,0.001152136014
208.7839966,1.5319977000000051,0.001066910452
208.7879944,1.5359955000000127,0.001064366428
208.7919922,1.5399933000000203,0.00111270335
208.7960052,1.5440063000000066,0.001133479644
208.8000031,1.5480042000000083,0.001172488322
208.8040009,1.5520020000000159,0.001199200866
208.8079987,1.5559998000000235,0.001115247374
208.8119965,1.5599976000000026,0.001020693686
208.8159943,1.5639954000000102,0.00105927838
208.8199921,1.5679932000000179,0.001177576487
208.8240051,1.5720062000000041,0.001213617041
208.8280029,1.5760040000000117,0.001155528007
208.8320007,1.5800018000000193,0.001091926941
208.8359985,1.5839995999999985,0.001063518459
208.8399963,1.587997400000006,0.001074118656
208.8439941,1.5919952000000137,0.001116943429
208.8479919,1.5959930000000213,0.001191568677
208.852005,1.6000061000000017,0.001208105008
208.8560028,1.6040039000000093,0.00111482339
208.8600006,1.6080017000000169,0.001037230017
208.8639984,1.6119995000000245,0.001066062483
208.8679962,1.6159973000000036,0.001143655856
208.871994,1.6199951000000112,0.001189024653
208.8759918,1.6239929000000188,0.00118436059
208.8800049,1.6280059999999992,0.001115671359
208.8840027,1.6320038000000068,0.00104189408
208.8880005,1.6360016000000144,0.001070302562
208.8919983,1.639999400000022,0.00114831992
208.8959961,1.6439972000000012,0.001169944298
208.8999939,1.6479950000000088,0.001156800077
208.9039917,1.6519928000000164,0.001140687848
208.9079895,1.655990600000024,0.00109616702
208.9120026,1.6600037000000043,0.001061822404
208.9160004,1.664001500000012,0.001108463272
208.9199982,1.6679993000000195,0.001176728401
208.923996,1.6719970999999987,0.001162736211
208.9279938,1.6759949000000063,0.00111355132
208.9319916,1.6799927000000139,0.00109743909
208.9359894,1.6839905000000215,0.001107191201
208.9400024,1.6880035000000078,0.001108463272
208.9440002,1.6920013000000154,0.001116943429
208.947998,1.695999100000023,0.001162312226
208.9519958,1.6999969000000021,0.001159768086
208.9559937,1.7039948000000038,0.001101679169
208.9599915,1.7079926000000114,0.001081750728
208.9639893,1.711990400000019,0.001108887256
208.9680023,1.7160034000000053,0.001144079841
208.9720001,1.7200012000000129,0.001141535817
208.9759979,1.7239990000000205,0.00113093562
208.9799957,1.7279967999999997,0.001133903628
208.9839935,1.7319946000000073,0.001106767217
208.9879913,1.7359924000000149,0.001097863074
208.9919891,1.7399902000000225,0.001126271556
208.9960022,1.7440033000000028,0.001137295738
209.0,1.7480011000000104,0.00113220769
209.0039978,1.751998900000018,0.001128391596
209.0079956,1.7559966999999972,0.001127543626
209.0119934,1.7599945000000048,0.00111482339
209.0159912,1.7639923000000124,0.001105071162
209.019989,1.76799010000002,0.001124151517
209.0240021,1.7720032000000003,0.001141959801
209.0279999,1.776001000000008,0.001118215383
209.0319977,1.7799988000000155,0.001114399289
209.0359955,1.7839966000000231,0.001150863944
209.0399933,1.7879944000000023,0.001117791398
209.0439911,1.79199220000001,0.001086414908
209.0479889,1.7959900000000175,0.001124999486
209.052002,1.8000030999999979,0.001145775896
209.0559998,1.8040009000000055,0.001144079841
209.0599976,1.807998700000013,0.001120759407
209.0639954,1.8119965000000207,0.00111270335
209.0679932,1.8159942999999998,0.001121607493
209.071991,1.8199921000000074,0.001092350925
209.0759888,1.823989900000015,0.001117791398
209.0800018,1.8280029000000013,0.001173336408
209.0839996,1.832000700000009,0.001151712029
209.0879974,1.8359985000000165,0.001101255068
209.0919952,1.8399963000000241,0.001088110846
209.095993,1.8439941000000033,0.001111007296
209.0999908,1.847991900000011,0.001130511635
209.1039886,1.8519897000000185,0.00114747195
209.1080017,1.8560027999999988,0.001150015974
209.1119995,1.8600006000000064,0.001117791398
209.1159973,1.863998400000014,0.00109065487
209.1199951,1.8679962000000216,0.001095743035
209.1239929,1.8719940000000008,0.001128391596
209.1279907,1.8759918000000084,0.001150863944
209.1319885,1.879989600000016,0.001152559998
209.1360016,1.8840026999999964,0.001133055659
209.1399994,1.888000500000004,0.001096591004
209.1439972,1.8919983000000116,0.001080902759
209.147995,1.8959961000000192,0.001108039171
209.1520081,1.9000091999999995,0.001156376093
209.1560059,1.904007000000007,0.001168672228
209.1600037,1.9080048000000147,0.001124999486
209.1640015,1.9120026000000223,0.00109531905
209.1680145,1.9160156000000086,0.001106767217
209.1720123,1.9200134000000162,0.001105495146
209.1760101,1.9240112000000238,0.00113008765
209.1800079,1.928009000000003,0.001180544496
209.1840057,1.9320068000000106,0.001152136014
209.1880035,1.9360046000000182,0.001091926941
209.1920013,1.9400023999999974,0.001080902759
209.1960144,1.9440155000000061,0.00111355132
209.2000122,1.9480133000000137,0.001150863944
209.20401,1.9520111000000213,0.001144079841
209.2080078,1.9560089000000005,0.001135175698
209.2120056,1.960006700000008,0.001124151517
209.2160034,1.9640045000000157,0.001088958932
209.2200012,1.9680023000000233,0.001093622996
209.2240143,1.9720154000000036,0.001129663549
209.2280121,1.9760132000000112,0.001151287928
209.2320099,1.9800110000000188,0.001150863944
209.2360077,1.984008799999998,0.001122455462
209.2400055,1.9880066000000056,0.001092350925
209.2440033,1.9920044000000132,0.001099983114
209.2480011,1.9960022000000208,0.001134327729
209.2520142,2.000015300000001,0.001153832069
209.256012,2.0040131000000088,0.001144503825
209.2600098,2.0080109000000164,0.001120335422
209.2640076,2.012008700000024,0.001104647177
209.2680054,2.016006500000003,0.001106767217
209.2720032,2.0200043000000107,0.001122455462
209.276001,2.0240021000000183,0.00113008765
209.280014,2.0280151000000046,0.001137295738
209.2840118,2.0320129000000122,0.001147047966
209.2880096,2.03601070000002,0.001117367414
209.2920074,2.040008499999999,0.00109065487
209.2960052,2.0440063000000066,0.001116519328
209.3000031,2.0480042000000083,0.001137295738
209.3040009,2.052002000000016,0.001126695541
209.3080139,2.056015000000002,0.001127119525
209.3120117,2.0600128000000097,0.001132631674
209.3160095,2.0640106000000173,0.001117367414
209.3200073,2.0680083999999965,0.001099135028
209.3240051,2.072006200000004,0.001113127335
209.3280029,2.0760040000000117,0.00114619988
209.3320007,2.0800018000000193,0.001136871753
209.3360138,2.0840148999999997,0.001119063469
209.3400116,2.0880127000000073,0.001120759407
209.3440094,2.092010500000015,0.00111143128
209.3480072,2.0960083000000225,0.001115671359
209.352005,2.1000061000000017,0.001127119525
209.3560028,2.1040039000000093,0.001133903628
209.3600006,2.108001700000017,0.001128391596
209.3640137,2.112014799999997,0.001124999486
209.3680115,2.116012600000005,0.001134327729
209.3720093,2.1200104000000124,0.001101679169
209.3760071,2.12400820000002,0.001103375107
209.3800049,2.128005999999999,0.001140687848
209.3840027,2.1320038000000068,0.001134751714
209.3880005,2.1360016000000144,0.001138991793
209.3920135,2.1400146000000007,0.001120335422
209.3960114,2.1440125000000023,0.001105495146
209.4000092,2.14801030000001,0.001124999486
209.404007,2.1520081000000175,0.001114399289
209.4080048,2.1560058999999967,0.00112881558
209.4120026,2.1600037000000043,0.00114831992
209.4160004,2.164001500000012,0.001124151517
209.4199982,2.1679993000000195,0.001100831083
209.4240112,2.172012300000006,0.001103375107
209.428009,2.1760101000000134,0.001125847572
209.4320068,2.180007900000021,0.001132631674
209.4360046,2.1840057,0.001137719722
209.4400024,2.1880035000000078,0.001140687848
209.4440002,2.1920013000000154,0.001110583311
209.447998,2.195999100000023,0.001091078972
209.4520111,2.2000122000000033,0.001111855265
209.4560089,2.204010000000011,0.001136023668
209.4600067,2.2080078000000185,0.001149167889
209.4640045,2.2120055999999977,0.001136447769
209.4680023,2.2160034000000053,0.001115247374
209.4720001,2.220001200000013,0.001112279249
209.4759979,2.2239990000000205,0.001107615186
209.480011,2.228012100000001,0.001123303548
209.4840088,2.2320099000000084,0.001141111832
209.4880066,2.236007700000016,0.001138567808
209.4920044,2.2400055000000236,0.001119487453
209.4960022,2.244003300000003,0.001099559129
209.5,2.2480011000000104,0.001108887256
209.5039978,2.251998900000018,0.00111015921
209.5080109,2.2560119999999984,0.001136871753
209.5120087,2.260009800000006,0.001155952108
209.5160065,2.2640076000000136,0.001117367414
209.5200043,2.268005400000021,0.001109311241
209.5240021,2.2720032000000003,0.001109311241
209.5279999,2.276001000000008,0.001119063469
209.5319977,2.2799988000000155,0.001138991793
209.5360107,2.284011800000002,0.001124151517
209.5400085,2.2880096000000094,0.001127543626
209.5440063,2.292007400000017,0.001121183508
209.5480042,2.2960053000000187,0.00109743909
209.552002,2.300003099999998,0.001119487453
209.5559998,2.3040009000000055,0.001135599683
209.5599976,2.307998700000013,0.001133479644
209.5640106,2.3120116999999993,0.001137719722
209.5680084,2.316009500000007,0.00111270335
209.5720062,2.3200073000000145,0.001108039171
209.576004,2.324005100000022,0.001118215383
209.5800018,2.3280029000000013,0.001111855265
209.5839996,2.332000700000009,0.001137295738
209.5879974,2.3359985000000165,0.001134327729
209.5920105,2.340011599999997,0.001112279249
209.5960083,2.3440094000000045,0.00111355132
209.6000061,2.348007200000012,0.001109311241
209.6040039,2.3520050000000197,0.001122879446
209.6080017,2.356002799999999,0.001135599683
209.6119995,2.3600006000000064,0.00113093562
209.6159973,2.363998400000014,0.001127119525
209.6200104,2.368011500000023,0.001116095344
209.6240082,2.372009300000002,0.001111007296
209.628006,2.3760071000000096,0.001119911438
209.6320038,2.380004900000017,0.001127967611
209.6360016,2.3840026999999964,0.001136023668
209.6399994,2.388000500000004,0.001133479644
209.6439972,2.3919983000000116,0.001113975304
209.6480103,2.3960114000000203,0.001113127335
209.6520081,2.4000091999999995,0.001118639368
209.6560059,2.404007000000007,0.001124151517
209.6600037,2.4080048000000147,0.001139415777
209.6640015,2.4120026000000223,0.001128391596
209.6679993,2.4160004000000015,0.001119487453
209.6719971,2.419998200000009,0.001122455462
209.6759949,2.4239960000000167,0.001110583311
209.6800079,2.428009000000003,0.001108039171
209.6840057,2.4320068000000106,0.001124151517
209.6880035,2.436004600000018,0.001133903628
209.6920013,2.4400023999999974,0.001126271556
209.6959991,2.444000200000005,0.001119911438
209.6999969,2.4479980000000126,0.001122879446
209.7039948,2.451995900000014,0.001123303548
209.7080078,2.4560089000000005,0.001117367414
209.7120056,2.460006700000008,0.001127119525
209.7160034,2.4640045000000157,0.001134751714
209.7200012,2.4680023000000233,0.001124151517
209.723999,2.4720001000000025,0.001117367414
209.7279968,2.47599790000001,0.00111143128
209.7319946,2.4799957000000177,0.001120335422
209.7360077,2.484008799999998,0.00112881558
209.7400055,2.4880066000000056,0.001128391596
209.7440033,2.492004400000013,0.001135175698
209.7480011,2.496002200000021,0.001122455462
209.7519989,2.5,0.00111482339
209.7559967,2.5039978000000076,0.001122031477
209.7599945,2.507995600000015,0.001122031477
209.7640076,2.512008700000024,0.00113093562
209.7680054,2.516006500000003,0.001136871753
209.7720032,2.5200043000000107,0.001124575501
209.776001,2.5240021000000183,0.00111015921
209.7799988,2.5279998999999975,0.001116095344
209.7839966,2.531997700000005,0.001124575501
209.7879944,2.5359955000000127,0.001131359604
209.7920074,2.540008499999999,0.001140687848
209.7960052,2.5440063000000066,0.001116943429
209.8000031,2.5480042000000083,0.001106343232
209.8040009,2.552002000000016,0.001131783589
209.8079987,2.5559998000000235,0.001120759407
209.8119965,2.5599976000000026,0.00111482339
209.8159943,2.5639954000000102,0.00114959199
209.8200073,2.5680083999999965,0.001133055659
209.8240051,2.572006200000004,0.001106343232
209.8280029,2.5760040000000117,0.001119063469
209.8320007,2.5800018000000193,0.001108039171
209.8359985,2.5839995999999985,0.001125423587
209.8399963,2.587997400000006,0.001147895935
209.8439941,2.5919952000000137,0.001125423587
209.8480072,2.5960083000000225,0.001115671359
209.852005,2.6000061000000017,0.001109735225
209.8560028,2.6040039000000093,0.001113975304
209.8600006,2.608001700000017,0.00113093562
209.8639984,2.6119995000000245,0.001135175698
209.8679962,2.6159973000000036,0.001132631674
209.871994,2.6199951000000112,0.001117791398
209.8760071,2.62400820000002,0.001107191201
209.8800049,2.628005999999999,0.001116095344
209.8840027,2.6320038000000068,0.001122031477
209.8880005,2.6360016000000144,0.001124999486
209.8919983,2.639999400000022,0.00113093562
209.8959961,2.643997200000001,0.001124999486
209.8999939,2.6479950000000088,0.001115671359
209.904007,2.6520081000000175,0.001116095344
209.9080048,2.6560058999999967,0.001122455462
209.9120026,2.6600037000000043,0.001122879446
209.9160004,2.664001500000012,0.00113093562
209.9199982,2.6679993000000195,0.001133055659
209.923996,2.6719970999999987,0.001117791398
209.9279938,2.6759949000000063,0.001111855265
209.9319916,2.679992700000014,0.001116095344
209.9360046,2.6840057,0.001126271556
209.9400024,2.6880035000000078,0.001121183508
209.9440002,2.6920013000000154,0.001124999486
209.947998,2.695999100000023,0.001133903628
209.9519958,2.699996900000002,0.001108887256
209.9559937,2.703994800000004,0.001115247374
209.9599915,2.7079926000000114,0.001129239565
209.9640045,2.7120055999999977,0.001118215383
209.9680023,2.7160034000000053,0.001130511635
209.9720001,2.720001200000013,0.001129239565
209.9759979,2.7239990000000205,0.001116943429
209.9799957,2.7279967999999997,0.001123303548
209.9839935,2.7319946000000073,0.001117791398
209.9879913,2.735992400000015,0.001117791398
209.9920044,2.7400055000000236,0.001130511635
209.9960022,2.744003300000003,0.001129663549
210.0,2.7480011000000104,0.001123727532
210.0039978,2.751998900000018,0.001120335422
210.0079956,2.755996699999997,0.001122879446
210.0119934,2.759994500000005,0.001118215383
210.0159912,2.7639923000000124,0.001126271556
210.0200043,2.768005400000021,0.001141959801
210.0240021,2.7720032000000003,0.001122031477
210.0279999,2.776001000000008,0.001114399289
210.0319977,2.7799988000000155,0.001121607493
210.0359955,2.783996600000023,0.001119911438
210.0399933,2.7879944000000023,0.001121183508
210.0439911,2.79199220000001,0.001121183508
210.0480042,2.7960053000000187,0.001128391596
210.052002,2.800003099999998,0.001123303548
210.0559998,2.8040009000000055,0.00111143128
210.0599976,2.807998700000013,0.001118639368
210.0639954,2.8119965000000207,0.00112881558
210.0679932,2.8159943,0.00113008765
210.071991,2.8199921000000074,0.001128391596
210.076004,2.824005100000022,0.001127967611
210.0800018,2.8280029000000013,0.001120335422
210.0839996,2.832000700000009,0.001118215383
210.0879974,2.8359985000000165,0.001122031477
210.0919952,2.839996300000024,0.001119487453
210.095993,2.8439941000000033,0.001124999486
210.0999908,2.847991900000011,0.00113008765
210.1040039,2.8520050000000197,0.001127967611
210.1080017,2.856002799999999,0.001119911438
210.1119995,2.8600006000000064,0.001116519328
210.1159973,2.863998400000014,0.001125423587
210.1199951,2.8679962000000216,0.001123727532
210.1239929,2.871994000000001,0.001121183508
210.1279907,2.8759918000000084,0.001124999486
210.1320038,2.880004900000017,0.001112279249
210.1360016,2.8840026999999964,0.001109311241
210.1399994,2.888000500000004,0.001129663549
210.1439972,2.8919983000000116,0.001131783589
210.147995,2.895996100000019,0.001127967611
210.1519928,2.8999938999999983,0.00112881558
210.1559906,2.903991700000006,0.001108039171
210.1600037,2.9080048000000147,0.001105919247
210.1640015,2.9120026000000223,0.001123303548
210.1679993,2.9160004000000015,0.001126695541
210.1719971,2.919998200000009,0.001135175698
210.1760101,2.924011200000024,0.001129663549
210.1800079,2.928009000000003,0.001119487453
210.1840057,2.9320068000000106,0.001113975304
210.1880035,2.936004600000018,0.001113127335
210.1920166,2.9400176999999985,0.001133055659
210.1960144,2.944015500000006,0.001133479644
210.2000122,2.9480133000000137,0.001124151517
210.20401,2.9520111000000213,0.001126271556
210.2080078,2.9560089000000005,0.001122031477
210.2120056,2.960006700000008,0.001122031477
210.2160034,2.9640045000000157,0.001125423587
210.2200165,2.9680176000000245,0.001124575501
210.2240143,2.9720154000000036,0.001123727532
210.2280121,2.9760132000000112,0.001122031477
210.2320099,2.980011000000019,0.001116943429
210.2360077,2.984008799999998,0.001118639368
210.2400055,2.9880066000000056,0.001119911438
210.2440033,2.992004400000013,0.001119063469
210.2480164,2.996017500000022,0.001122455462
210.2520142,3.000015300000001,0.001126695541
210.256012,3.0040131000000088,0.001123727532
210.2600098,3.0080109000000164,0.001116519328
210.2640076,3.012008700000024,0.001121183508
210.2680054,3.016006500000003,0.001116943429
210.2720032,3.0200043000000107,0.001119487453
210.2760162,3.024017299999997,0.001138567808
210.280014,3.0280151000000046,0.001127543626
210.2840118,3.0320129000000122,0.001115247374
210.2880096,3.03601070000002,0.001118639368
210.2920074,3.040008499999999,0.001122879446
210.2960052,3.0440063000000066,0.001133479644
210.3000031,3.0480042000000083,0.001126271556
210.3040161,3.052017200000023,0.001122879446
210.3080139,3.056015000000002,0.001125847572
210.3120117,3.0600128000000097,0.00111270335
210.3160095,3.0640106000000173,0.001117367414
210.3200073,3.0680083999999965,0.001135175698
210.3240051,3.072006200000004,0.001127543626
210.3280029,3.0760040000000117,0.001114399289
210.332016,3.0800171000000205,0.001128391596
210.3360138,3.0840148999999997,0.001127119525
210.3400116,3.0880127000000073,0.001115247374
210.3440094,3.092010500000015,0.001122879446
210.3480072,3.0960083000000225,0.001124575501
210.352005,3.1000061000000017,0.001128391596
210.3560028,3.1040039000000093,0.001124999486
210.3600159,3.108017000000018,0.001115247374
210.3640137,3.112014799999997,0.001119487453
210.3680115,3.116012600000005,0.001127967611
210.3720093,3.1200104000000124,0.001122031477
210.3760071,3.12400820000002,0.001116943429
210.3800049,3.128005999999999,0.001125847572
210.3840027,3.1320038000000068,0.001123727532
210.3880157,3.1360168000000215,0.00112881558
210.3920135,3.1400146000000007,0.00113220769
210.3960114,3.1440125000000023,0.001121183508
210.4000092,3.14801030000001,0.001124151517
210.404007,3.1520081000000175,0.00112881558
210.4080048,3.1560058999999967,0.001121607493
210.4120026,3.1600037000000043,0.001117367414
210.4160156,3.164016700000019,0.001122879446
210.4200134,3.168014499999998,0.001125847572
210.4240112,3.172012300000006,0.001125423587
210.428009,3.1760101000000134,0.001120335422
210.4320068,3.180007900000021,0.001116943429
210.4360046,3.1840057,0.001119063469
210.4400024,3.1880035000000078,0.001115671359
210.4440002,3.1920013000000154,0.001122031477
210.4480133,3.196014400000024,0.001126271556
210.4520111,3.2000122000000033,0.001124151517
210.4560089,3.204010000000011,0.001124575501
210.4600067,3.2080078000000185,0.001125423587
210.4640045,3.2120055999999977,0.001127119525
210.4680023,3.2160034000000053,0.001117791398
210.4720001,3.220001200000013,0.001127119525
210.4760132,3.2240143000000216,0.001138143707
210.480011,3.228012100000001,0.001114399289
210.4840088,3.2320099000000084,0.001119063469
210.4880066,3.236007700000016,0.001126271556
210.4920044,3.2400055000000236,0.001119487453
210.4960022,3.244003300000003,0.001131359604
210.5,3.2480011000000104,0.001129663549
210.5040131,3.252014200000019,0.00112881558
210.5080109,3.2560119999999984,0.001123303548
210.5120087,3.260009800000006,0.00111270335
210.5160065,3.2640076000000136,0.001120759407
210.5200043,3.268005400000021,0.001124151517
210.5240021,3.2720032000000003,0.001127543626
210.5279999,3.276001000000008,0.00111482339
210.5320129,3.2800140000000226,0.001115671359
210.5360107,3.284011800000002,0.001139839762
210.5400085,3.2880096000000094,0.001118215383
210.5440063,3.292007400000017,0.001108887256
210.5480042,3.2960053000000187,0.00113008765
210.552002,3.300003099999998,0.001125847572
210.5559998,3.3040009000000055,0.001119063469
210.5600128,3.30801390000002,0.001120759407
210.5640106,3.3120116999999993,0.001123303548
210.5680084,3.316009500000007,0.001120759407
210.5720062,3.3200073000000145,0.001121183508
210.576004,3.324005100000022,0.001130511635
210.5800018,3.3280029000000013,0.001120335422
210.5839996,3.332000700000009,0.001121607493
210.5880127,3.3360138000000177,0.001125423587
210.5920105,3.340011599999997,0.001113975304
210.5960083,3.3440094000000045,0.001126695541
210.6000061,3.348007200000012,0.001122031477
210.6040039,3.3520050000000197,0.001115247374
210.6080017,3.356002799999999,0.00113093562
210.6119995,3.3600006000000064,0.001123727532
210.6160126,3.364013700000015,0.001119063469
210.6200104,3.368011500000023,0.001119487453
210.6240082,3.372009300000002,0.001116095344
210.628006,3.3760071000000096,0.001128391596
210.6320038,3.380004900000017,0.00112881558
210.6360016,3.3840026999999964,0.001120335422
210.6399994,3.388000500000004,0.001120335422
210.6440125,3.3920136000000127,0.001121607493
210.6480103,3.3960114000000203,0.001132631674
210.6520081,3.4000091999999995,0.001124999486
210.6560059,3.404007000000007,0.00111355132
210.6600037,3.4080048000000147,0.001127543626
210.6640015,3.4120026000000223,0.001123303548
210.6679993,3.4160004000000015,0.001121183508
210.6720123,3.420013400000016,0.001122031477
210.6760101,3.424011200000024,0.001122031477
210.6800079,3.428009000000003,0.001136023668
210.6840057,3.4320068000000106,0.001124575501
210.6880035,3.436004600000018,0.001116519328
210.6920013,3.4400023999999974,0.00111482339
210.6959991,3.444000200000005,0.001117367414
210.6999969,3.4479980000000126,0.001132631674
210.70401,3.4520111000000213,0.001125423587
210.7080078,3.4560089000000005,0.001122879446
210.7120056,3.460006700000008,0.001120759407
210.7160034,3.4640045000000157,0.001117791398
210.7200012,3.4680023000000233,0.001126695541
210.723999,3.4720001000000025,0.001123727532
210.7279968,3.47599790000001,0.001126695541
210.7320099,3.480011000000019,0.001125847572
210.7360077,3.484008799999998,0.001122031477
210.7400055,3.4880066000000056,0.001127543626
210.7440033,3.492004400000013,0.001117791398
210.7480011,3.496002200000021,0.00111270335
210.7519989,3.5,0.001125423587
210.7559967,3.5039978000000076,0.001132631674
210.7600098,3.5080109000000164,0.001123303548
210.7640076,3.512008700000024,0.001119487453
210.7680054,3.516006500000003,0.001123303548
210.7720032,3.5200043000000107,0.001122031477
210.776001,3.5240021000000183,0.001122879446
210.7799988,3.5279998999999975,0.001120759407
210.7839966,3.531997700000005,0.001129239565
210.7880096,3.53601070000002,0.001127543626
210.7920074,3.540008499999999,0.00111355132
210.7960052,3.5440063000000066,0.00113093562
210.8000031,3.5480042000000083,0.00113008765
210.8040009,3.552002000000016,0.00111355132
210.8079987,3.5559998000000235,0.00113093562
210.8119965,3.5599976000000026,0.001122455462
210.8160095,3.5640106000000173,0.00111143128
210.8200073,3.5680083999999965,0.001128391596
210.8240051,3.572006200000004,0.001120759407
210.8280029,3.5760040000000117,0.001119911438
210.8320007,3.5800018000000193,0.001129663549
210.8359985,3.5839995999999985,0.001124151517
210.8399963,3.587997400000006,0.001122879446
210.8440094,3.592010500000015,0.001122879446
210.8480072,3.5960083000000225,0.001119911438
210.852005,3.6000061000000017,0.001121183508
210.8560028,3.6040039000000093,0.001122879446
210.8600006,3.608001700000017,0.001119487453
210.8639984,3.6119995000000245,0.001121607493
210.8679962,3.6159973000000036,0.001122031477
210.8720093,3.6200104000000124,0.001115671359
210.8760071,3.62400820000002,0.001123727532
210.8800049,3.628005999999999,0.001125423587
210.8840027,3.6320038000000068,0.001119487453
210.8880005,3.6360016000000144,0.001122879446
210.8919983,3.639999400000022,0.001120759407
210.8959961,3.643997200000001,0.001123303548
210.9000092,3.64801030000001,0.00113093562
210.904007,3.6520081000000175,0.001131359604
210.9080048,3.6560058999999967,0.001120335422
210.9120026,3.6600037000000043,0.001119911438
210.9160004,3.664001500000012,0.001134327729
210.9199982,3.6679993000000195,0.001122455462
210.923996,3.6719970999999987,0.001120759407
210.928009,3.6760101000000134,0.001130511635
210.9320068,3.680007900000021,0.001124151517
210.9360046,3.6840057,0.001123727532
210.9400024,3.6880035000000078,0.001116943429
210.9440002,3.6920013000000154,0.001123303548
210.947998,3.695999100000023,0.001127967611
210.9519958,3.699996900000002,0.001119063469
210.9559937,3.703994800000004,0.001124151517
210.9600067,3.7080078000000185,0.001123303548
210.9640045,3.7120055999999977,0.001126271556
210.9680023,3.7160034000000053,0.001126271556
210.9720001,3.720001200000013,0.001116943429
210.9759979,3.7239990000000205,0.001127119525
210.9799957,3.7279967999999997,0.001126695541
210.9839935,3.7319946000000073,0.001116095344
210.9880066,3.736007700000016,0.001127119525
210.9920044,3.7400055000000236,0.001131359604
210.9960022,3.744003300000003,0.001119487453
211.0,3.7480011000000104,0.001113975304
211.0039978,3.751998900000018,0.001118639368
211.0079956,3.755996699999997,0.00113008765
211.0119934,3.759994500000005,0.001130511635
211.0160065,3.7640076000000136,0.001122031477
211.0200043,3.768005400000021,0.001123303548
211.0240021,3.7720032000000003,0.001119063469
211.0279999,3.776001000000008,0.001124999486
211.0319977,3.7799988000000155,0.001135175698
211.0359955,3.783996600000023,0.001122031477
211.0399933,3.7879944000000023,0.001119487453
211.0440063,3.792007400000017,0.001118639368
211.0480042,3.7960053000000187,0.001111007296
211.052002,3.800003099999998,0.001122031477
211.0559998,3.8040009000000055,0.00113220769
211.0599976,3.807998700000013,0.001120335422
211.0639954,3.8119965000000207,0.001119063469
211.0679932,3.8159943,0.001133055659
211.0720062,3.8200073000000145,0.001122455462
211.076004,3.824005100000022,0.001111855265
211.0800018,3.8280029000000013,0.001122879446
211.0839996,3.832000700000009,0.001130511635
211.0879974,3.8359985000000165,0.001125423587
211.0919952,3.839996300000024,0.001117367414
211.095993,3.8439941000000033,0.001123303548
211.1000061,3.848007200000012,0.001124151517
211.1040039,3.8520050000000197,0.001115247374
211.1080017,3.856002799999999,0.001115247374
211.1119995,3.8600006000000064,0.001124999486
211.1159973,3.863998400000014,0.001136447769
211.1199951,3.8679962000000216,0.001124575501
211.1239929,3.871994000000001,0.001119063469
211.128006,3.8760071000000096,0.001127119525
211.1320038,3.880004900000017,0.001119487453
211.1360016,3.8840026999999964,0.001124575501
211.1399994,3.888000500000004,0.001126271556
211.1439972,3.8919983000000116,0.001124575501
211.147995,3.895996100000019,0.00112881558
211.1519928,3.8999938999999983,0.001119063469
211.1560059,3.904007000000007,0.001118639368
211.1600037,3.9080048000000147,0.001116943429
211.1640015,3.9120026000000223,0.001119911438
211.1679993,3.9160004000000015,0.001127119525
211.1719971,3.919998200000009,0.00111482339
211.1759949,3.9239960000000167,0.001121607493
211.1799927,3.9279938000000243,0.001122455462
211.1840057,3.9320068000000106,0.001118215383
211.1880035,3.936004600000018,0.001131783589
211.1920013,3.9400023999999974,0.001119487453
211.1959991,3.944000200000005,0.001124575501
211.1999969,3.9479980000000126,0.001125847572
211.2039948,3.951995900000014,0.001118639368
211.2079926,3.955993700000022,0.001131783589
211.2119904,3.959991500000001,0.001118639368
211.2160034,3.9640045000000157,0.001124999486
211.2200012,3.9680023000000233,0.001129663549
211.223999,3.9720001000000025,0.001117791398
211.2279968,3.97599790000001,0.001123303548
211.2319946,3.9799957000000177,0.001115247374
211.2359924,3.983993499999997,0.001122031477
211.2399902,3.9879913000000045,0.001129663549
211.2440033,3.992004400000013,0.001122879446
211.2480011,3.996002200000021,0.001128391596
211.2519989,4.0,0.001127543626
211.2559967,4.003997800000008,0.001126271556
211.2599945,4.007995600000015,0.001127967611
211.2639923,4.011993400000023,0.001119911438
211.2679901,4.015991200000002,0.001116519328
211.2720032,4.020004300000011,0.001119063469
211.276001,4.024002100000018,0.001122031477
211.2799988,4.0279998999999975,0.001127543626
211.2839966,4.031997700000005,0.001122455462
211.2879944,4.035995500000013,0.001121183508
211.2919922,4.03999330000002,0.001122455462
211.29599,4.0439910999999995,0.001124999486
211.3000031,4.048004200000008,0.001130511635
211.3040009,4.052002000000016,0.001123303548
211.3079987,4.0559998000000235,0.001122455462
211.3119965,4.059997600000003,0.001115671359
211.3159943,4.06399540000001,0.001125423587
211.3199921,4.067993200000018,0.001135599683
211.3239899,4.071990999999997,0.001113127335
211.3280029,4.076004000000012,0.001121607493
211.3320007,4.080001800000019,0.001124151517
211.3359985,4.0839995999999985,0.001114399289
211.3399963,4.087997400000006,0.00113008765
211.3439941,4.091995200000014,0.001122031477
211.3479919,4.095993000000021,0.001118639368
211.3519897,4.0999908000000005,0.001120335422
211.3560028,4.104003900000009,0.001118639368
211.3600006,4.108001700000017,0.001136871753
211.3639984,4.1119995000000245,0.001127543626
211.3679962,4.115997300000004,0.001116519328
211.371994,4.119995100000011,0.001121183508
211.3759918,4.123992900000019,0.001117367414
211.3799896,4.127990699999998,0.001123303548
211.3840027,4.132003800000007,0.001119487453
211.3880005,4.136001600000014,0.001121183508
211.3919983,4.139999400000022,0.001132631674
211.3959961,4.143997200000001,0.00112881558
211.3999939,4.147995000000009,0.001130511635
211.4039917,4.151992800000016,0.001122455462
211.4079895,4.155990600000024,0.001111007296
211.4120026,4.160003700000004,0.001118215383
211.4160004,4.164001500000012,0.001125847572
211.4199982,4.1679993000000195,0.001124151517
211.423996,4.171997099999999,0.001118215383
211.4279938,4.175994900000006,0.001129663549
211.4319916,4.179992700000014,0.001132631674
211.4359894,4.1839905000000215,0.001116095344
211.4400024,4.188003500000008,0.001117791398
211.4440002,4.192001300000015,0.001122031477
211.447998,4.195999100000023,0.001119911438
211.4519958,4.199996900000002,0.001122879446
211.4560089,4.204010000000011,0.001118215383
211.4600067,4.2080078000000185,0.001115671359
211.4640045,4.212005599999998,0.001127119525
211.4680023,4.216003400000005,0.001126695541
211.4720154,4.220016500000014,0.001124999486
211.4760132,4.224014300000022,0.001136871753
211.480011,4.228012100000001,0.001123727532
211.4840088,4.232009900000008,0.001115247374
211.4880066,4.236007700000016,0.001122879446
211.4920044,4.240005500000024,0.001123303548
211.4960022,4.244003300000003,0.001129239565
211.5000153,4.248016400000012,0.001124575501
211.5040131,4.252014200000019,0.001122031477
211.5080109,4.256011999999998,0.001122031477
211.5120087,4.260009800000006,0.001119063469
211.5160065,4.2640076000000136,0.001127967611
211.5200043,4.268005400000021,0.001126271556
211.5240021,4.2720032,0.001126271556
211.5280151,4.276016200000015,0.001122031477
211.5320129,4.280014000000023,0.001116943429
211.5360107,4.284011800000002,0.001121183508
211.5400085,4.288009600000009,0.001116519328
211.5440063,4.292007400000017,0.001133479644
211.5480042,4.296005300000019,0.00112881558
211.552002,4.300003099999998,0.001108887256
211.556015,4.304016100000013,0.001127119525
211.5600128,4.30801390000002,0.001122455462
211.5640106,4.312011699999999,0.001123727532
211.5680084,4.316009500000007,0.001132631674
211.5720062,4.3200073000000145,0.001116519328
211.576004,4.324005100000022,0.001124575501
211.5800018,4.328002900000001,0.001121183508
211.5840149,4.33201600000001,0.001110583311
211.5880127,4.336013800000018,0.001124999486
211.5920105,4.340011599999997,0.001124151517
211.5960083,4.3440094000000045,0.001131359604
211.6000061,4.348007200000012,0.001133903628
211.6040039,4.35200500000002,0.001117791398
211.6080017,4.356002799999999,0.001129239565
211.6120148,4.360015900000008,0.001120335422
211.6160126,4.364013700000015,0.001115671359
211.6200104,4.368011500000023,0.00113093562
211.6240082,4.372009300000002,0.001115671359
211.628006,4.37600710000001,0.001119063469
211.6320038,4.380004900000017,0.001116943429
211.6360016,4.384002699999996,0.001115671359
211.6400146,4.388015700000011,0.001126695541
211.6440125,4.392013600000013,0.001116095344
211.6480103,4.39601140000002,0.001126695541
211.6520081,4.4000091999999995,0.001124575501
211.6560059,4.404007000000007,0.001116943429
211.6600037,4.408004800000015,0.001121607493
211.6640015,4.412002600000022,0.001116095344
211.6680145,4.416015600000009,0.001122455462
211.6720123,4.420013400000016,0.001122031477
211.6760101,4.424011200000024,0.001119487453
211.6800079,4.428009000000003,0.001121607493
211.6840057,4.432006800000011,0.001121183508
211.6880035,4.436004600000018,0.001122879446
211.6920013,4.440002399999997,0.001122455462
211.6960144,4.444015500000006,0.00113008765
211.7000122,4.448013300000014,0.001126271556
211.70401,4.452011100000021,0.001111855265
211.7080078,4.4560089000000005,0.001121183508
211.7120056,4.460006700000008,0.001127967611
211.7160034,4.464004500000016,0.001119063469
211.7200012,4.468002300000023,0.001127967611
211.723999,4.4720001000000025,0.001125423587
211.7280121,4.476013200000011,0.00111355132
211.7320099,4.480011000000019,0.00112881558
211.7360077,4.484008799999998,0.001122879446
211.7400055,4.488006600000006,0.001119911438
211.7440033,4.492004400000013,0.001133055659
211.7480011,4.496002200000021,0.00111482339
211.7519989,4.5,0.001119063469
211.756012,4.504013100000009,0.001129239565
211.7600098,4.508010900000016,0.001117791398
211.7640076,4.512008700000024,0.001126695541
211.7680054,4.516006500000003,0.001122031477
211.7720032,4.520004300000011,0.001117367414
211.776001,4.524002100000018,0.001129663549
211.7799988,4.5279998999999975,0.001122455462
211.7840118,4.532012900000012,0.001121607493
211.7880096,4.53601070000002,0.00113093562
211.7920074,4.540008499999999,0.001127119525
211.7960052,4.544006300000007,0.001122031477
211.8000031,4.548004200000008,0.001129663549
211.8040009,4.552002000000016,0.001131359604
211.8079987,4.5559998000000235,0.001113975304
211.8120117,4.56001280000001,0.001115671359
211.8160095,4.564010600000017,0.00112881558
211.8200073,4.5680083999999965,0.001124999486
211.8240051,4.572006200000004,0.001123303548
211.8280029,4.576004000000012,0.001120335422
211.8320007,4.580001800000019,0.001124999486
211.8359985,4.5839995999999985,0.001127543626
211.8400116,4.588012700000007,0.001119063469
211.8440094,4.592010500000015,0.001129663549
211.8480072,4.5960083000000225,0.001131359604
211.852005,4.600006100000002,0.001117367414
211.8560028,4.604003900000009,0.001114399289
211.8600006,4.608001700000017,0.001119911438
211.8639984,4.6119995000000245,0.001124999486
211.8680115,4.616012600000005,0.001126271556
211.8720093,4.620010400000012,0.001121183508
211.8760071,4.62400820000002,0.001115671359
211.8800049,4.628005999999999,0.001126695541
211.8840027,4.632003800000007,0.001127119525
211.8880005,4.636001600000014,0.001111007296
211.8919983,4.639999400000022,0.001116943429
211.8960114,4.644012500000002,0.001127543626
211.9000092,4.64801030000001,0.001122879446
211.904007,4.6520081000000175,0.001127543626
211.9080048,4.656005899999997,0.001133479644
211.9120026,4.660003700000004,0.001116943429
211.9160004,4.664001500000012,0.001119911438
211.9199982,4.6679993000000195,0.001127119525
211.9240112,4.672012300000006,0.001118639368
211.928009,4.676010100000013,0.001126271556
211.9320068,4.680007900000021,0.001121607493
211.9360046,4.6840057,0.001117791398
211.9400024,4.688003500000008,0.001123727532
211.9440002,4.692001300000015,0.001119911438
211.947998,4.695999100000023,0.001120759407
211.9520111,4.700012200000003,0.001120759407
211.9560089,4.704010000000011,0.001117791398
211.9600067,4.7080078000000185,0.001123303548
211.9640045,4.712005599999998,0.001127119525
211.9680023,4.716003400000005,0.001120335422
211.9720001,4.720001200000013,0.001124151517
211.9759979,4.7239990000000205,0.001123303548
211.9799957,4.7279968,0.001121183508
211.9840088,4.732009900000008,0.001122031477
211.9880066,4.736007700000016,0.001117791398
211.9920044,4.740005500000024,0.001129239565
211.9960022,4.744003300000003,0.001121183508
212.0,4.74800110000001,0.001122031477
212.0039978,4.751998900000018,0.001131783589
212.0079956,4.755996699999997,0.001105919247
212.0120087,4.760009800000006,0.001113975304
212.0160065,4.7640076000000136,0.00113093562
212.0200043,4.768005400000021,0.001122455462
212.0240021,4.7720032,0.001126695541
212.0279999,4.776001000000008,0.001129239565
212.0319977,4.7799988000000155,0.001125847572
212.0359955,4.783996600000023,0.001113127335
212.0400085,4.788009600000009,0.001115671359
212.0440063,4.792007400000017,0.001124999486
212.0480042,4.796005300000019,0.001118639368
212.052002,4.800003099999998,0.001125423587
212.0559998,4.8040009000000055,0.001120759407
212.0599976,4.807998700000013,0.001123303548
212.0639954,4.811996500000021,0.001131783589
212.0680084,4.816009500000007,0.001122455462
212.0720062,4.8200073000000145,0.001124575501
212.076004,4.824005100000022,0.001120759407
212.0800018,4.828002900000001,0.001123727532
212.0839996,4.832000700000009,0.001129239565
212.0879974,4.8359985000000165,0.001121607493
212.0919952,4.839996300000024,0.001118215383
212.0960083,4.8440094000000045,0.00111355132
212.1000061,4.848007200000012,0.001116095344
212.1040039,4.85200500000002,0.001122031477
212.1080017,4.856002799999999,0.001125423587
212.1119995,4.860000600000006,0.001127543626
212.1159973,4.863998400000014,0.001127119525
212.1199951,4.867996200000022,0.001124575501
212.1240082,4.872009300000002,0.001122031477
212.128006,4.87600710000001,0.001116519328
212.1320038,4.880004900000017,0.001122031477
212.1360016,4.884002699999996,0.001134327729
212.1399994,4.888000500000004,0.001122455462
212.1439972,4.891998300000012,0.001116943429
212.147995,4.895996100000019,0.001125847572
212.1520081,4.9000091999999995,0.001127967611
212.1560059,4.904007000000007,0.001122031477
212.1600037,4.908004800000015,0.001123303548
212.1640015,4.912002600000022,0.001124999486
212.1679993,4.9160004000000015,0.001115247374
212.1719971,4.919998200000009,0.001126271556
212.1759949,4.923996000000017,0.001128391596
212.1800079,4.928009000000003,0.001121183508
212.1840057,4.932006800000011,0.001125847572
212.1880035,4.936004600000018,0.001115247374
212.1920013,4.940002399999997,0.001116519328
212.1959991,4.944000200000005,0.001124999486
212.1999969,4.9479980000000126,0.001128391596
212.2039948,4.951995900000014,0.001128391596
212.2080078,4.9560089000000005,0.001119063469
212.2120056,4.960006700000008,0.00113220769
212.2160034,4.964004500000016,0.001133903628
212.2200012,4.968002300000023,0.001116519328
212.223999,4.9720001000000025,0.001121183508
212.2279968,4.97599790000001,0.001126271556
212.2319946,4.979995700000018,0.001122031477
212.2359924,4.983993499999997,0.001122879446
212.2400055,4.988006600000006,0.001126695541
212.2440033,4.992004400000013,0.001
212.2480011,4.996002200000021,0.001
